{
    "CNN": {
        "accuracy": 0.976,
        "precision": 0.9541984732824428,
        "recall": 1.0,
        "f1": 0.9765625,
        "eer": 0.0
    },
    "Dropout": {
        "accuracy": 0.976,
        "precision": 0.9541984732824428,
        "recall": 1.0,
        "f1": 0.9765625,
        "eer": 0.0
    },
    "Attention": {
        "accuracy": 0.966,
        "precision": 0.9363295880149812,
        "recall": 1.0,
        "f1": 0.9671179883945842,
        "eer": 0.0
    }
}